{
  "Panic": [
  {
    "Latitude": 37.0577543,
    "Longitude": 35.3549159,
    "Username": "Erdal Kama",
    "DistanceInt": 17561956
  }
]
}
